Full Name,Email,Event Name,Date,Certificate ID
John Smith,john.smith@example.com,Web Development Workshop,January 15 2024,CERT-2024-001
Sarah Johnson,sarah.j@example.com,Web Development Workshop,January 15 2024,CERT-2024-002
Michael Brown,m.brown@example.com,Web Development Workshop,January 15 2024,CERT-2024-003
Emily Davis,emily.davis@example.com,Web Development Workshop,January 15 2024,CERT-2024-004
David Wilson,d.wilson@example.com,Web Development Workshop,January 15 2024,CERT-2024-005
Jessica Taylor,jtaylor@example.com,Web Development Workshop,January 15 2024,CERT-2024-006
Christopher Lee,chris.lee@example.com,Web Development Workshop,January 15 2024,CERT-2024-007
Amanda Martinez,a.martinez@example.com,Web Development Workshop,January 15 2024,CERT-2024-008
James Anderson,janderson@example.com,Web Development Workshop,January 15 2024,CERT-2024-009
Jennifer Garcia,j.garcia@example.com,Web Development Workshop,January 15 2024,CERT-2024-010
